{
  ":grinning:": "😀",
  ":smiley:": "😃",
  ":smile:": "😄",
  ":grin:": "😁",
  ":laughing:": "😆",
  ":sweat_smile:": "😅",
  ":rolling_on_the_floor_laughing:": "🤣",
  ":joy:": "😂",
  ":slightly_smiling_face:": "🙂",
  ":upside_down_face:": "🙃",
  ":wink:": "😉",
  ":blush:": "😊",
  ":innocent:": "😇",
  ":smiling_face_with_3_hearts:": "🥰",
  ":heart_eyes:": "😍",
  ":star-struck:": "🤩",
  ":kissing_heart:": "😘",
  ":heart:": "❤️",
  ":kissing:": "😚",
  ":kissing_closed_eyes:": "😚",
  ":kissing_smiling_eyes:": "😙",
  ":yum:": "😋",
  ":stuck_out_tongue:": "😛",
  ":stuck_out_tongue_winking_eye:": "😜",
  ":zany_face:": "🤪",
  ":stuck_out_tongue_closed_eyes:": "😝",
  ":money_mouth_face:": "🤑",
  ":hugging_face:": "🤗",
  ":face_with_hand_over_mouth:": "🤭",
  ":shushing_face:": "🤫",
  ":thinking_face:": "🤔",
  ":zipper_mouth_face:": "🤐",
  ":face_with_raised_eyebrow:": "🤨",
  ":neutral_face:": "😐",
  ":expressionless:": "😑",
  ":no_mouth:": "😶",
  ":smirk:": "😏",
  ":unamused:": "😒",
  ":face_with_rolling_eyes:": "🙄",
  ":grimacing:": "😬",
  ":lying_face:": "🤥",
  ":relieved:": "😌",
  ":pensive:": "😔",
  ":sleepy:": "😪",
  ":drooling_face:": "🤤",
  ":sleeping:": "😴",
  ":mask:": "😷",
  ":face_with_thermometer:": "🤒",
  ":face_with_head_bandage:": "🤕",
  ":nauseated_face:": "🤢",
  ":face_vomiting:": "🤮",
  ":sneezing_face:": "🤧",
  ":hot_face:": "🥵",
  ":cold_face:": "🥶",
  ":woozy_face:": "🥴",
  ":dizzy_face:": "😵",
  ":exploding_head:": "🤯",
  ":face_with_cowboy_hat:": "🤠",
  ":partying_face:": "🥳",
  ":sunglasses:": "😎",
  ":nerd_face:": "🤓",
  ":face_with_monocle:": "🧐",
  ":confused:": "😕",
  ":worried:": "😟",
  ":slightly_frowning_face:": "🙁",
  ":open_mouth:": "😮",
  ":hushed:": "😯",
  ":astonished:": "😲",
  ":flushed:": "😳",
  ":pleading_face:": "🥺",
  ":frowning:": "😦",
  ":anguished:": "😧",
  ":fearful:": "😨",
  ":cold_sweat:": "😰",
  ":disappointed_relieved:": "😥",
  ":cry:": "😢",
  ":sob:": "😭",
  ":scream:": "😱",
  ":confounded:": "😖",
  ":persevere:": "😣",
  ":disappointed:": "😞",
  ":sweat:": "😓",
  ":weary:": "😩",
  ":tired_face:": "😫",
  ":triumph:": "😤",
  ":rage:": "😡",
  ":angry:": "😠",
  ":face_with_symbols_on_mouth:": "🤬",
  ":smiling_imp:": "😈",
  ":imp:": "👿",
  ":skull:": "💀",
  ":skull_and_crossbones:": "☠",
  ":hankey:": "💩",
  ":clown_face:": "🤡",
  ":japanese_ogre:": "👹",
  ":japanese_goblin:": "👺",
  ":ghost:": "👻",
  ":alien:": "👽",
  ":space_invader:": "👾",
  ":robot_face:": "🤖",
  ":smiley_cat:": "😺",
  ":smile_cat:": "😸",
  ":joy_cat:": "😹",
  ":heart_eyes_cat:": "😻",
  ":smirk_cat:": "😼",
  ":kissing_cat:": "😽",
  ":scream_cat:": "🙀",
  ":crying_cat_face:": "😿",
  ":pouting_cat:": "😾",
  ":see_no_evil:": "🙈",
  ":hear_no_evil:": "🙉",
  ":speak_no_evil:": "🙊",
  ":kiss:": "💋",
  ":love_letter:": "💌",
  ":cupid:": "💘",
  ":gift_heart:": "💝",
  ":sparkling_heart:": "💖",
  ":heartpulse:": "💗",
  ":heartbeat:": "💓",
  ":revolving_hearts:": "💞",
  ":two_hearts:": "💕",
  ":heart_decoration:": "💟",
  ":broken_heart:": "💔",
  ":orange_heart:": "🧡",
  ":yellow_heart:": "💛",
  ":green_heart:": "💚",
  ":blue_heart:": "💙",
  ":purple_heart:": "💜",
  ":black_heart:": "🖤",
  ":100:": "💯",
  ":anger:": "💢",
  ":boom:": "💥",
  ":dizzy:": "💫",
  ":sweat_drops:": "💦",
  ":dash:": "💨",
  ":hole:": "🕳",
  ":bomb:": "💣",
  ":speech_balloon:": "💬",
  ":eye-in-speech-bubble:": "👁",
  ":left_speech_bubble:": "🗨",
  ":right_anger_bubble:": "🗯",
  ":thought_balloon:": "💭",
  ":zzz:": "💤",
  ":wave:": "👋",
  ":raised_back_of_hand:": "🤚",
  ":raised_hand_with_fingers_splayed:": "🖐",
  ":hand:": "✋",
  ":spock-hand:": "🖖",
  ":ok_hand:": "👌",
  ":v:": "✌",
  ":crossed_fingers:": "🤞",
  ":i_love_you_hand_sign:": "🤟",
  ":the_horns:": "🤘",
  ":call_me_hand:": "🤙",
  ":point_left:": "👈",
  ":point_right:": "👉",
  ":point_up_2:": "👆",
  ":middle_finger:": "🖕",
  ":point_down:": "👇",
  ":point_up:": "☝",
  ":+1:": "👍",
  ":-1:": "👎",
  ":fist:": "✊",
  ":facepunch:": "👊",
  ":left-facing_fist:": "🤛",
  ":right-facing_fist:": "🤜",
  ":clap:": "👏",
  ":raised_hands:": "🙌",
  ":open_hands:": "👐",
  ":palms_up_together:": "🤲",
  ":handshake:": "🤝",
  ":pray:": "🙏",
  ":writing_hand:": "✍",
  ":nail_care:": "💅",
  ":selfie:": "🤳",
  ":muscle:": "💪",
  ":leg:": "🦵",
  ":foot:": "🦶",
  ":ear:": "👂",
  ":nose:": "👃",
  ":brain:": "🧠",
  ":tooth:": "🦷",
  ":bone:": "🦴",
  ":eyes:": "👀",
  ":eye:": "👁",
  ":tongue:": "👅",
  ":lips:": "👄",
  ":baby:": "👶",
  ":child:": "🧒",
  ":boy:": "👦",
  ":girl:": "👧",
  ":adult:": "🧑",
  ":person_with_blond_hair:": "👱",
  ":man:": "👨",
  ":bearded_person:": "🧔",
  ":blond-haired-man:": "👱",
  ":male_red_haired:": "👨",
  ":male_curly_haired:": "👨",
  ":male_white_haired:": "👨",
  ":male_bald:": "👨",
  ":woman:": "👩",
  ":blond-haired-woman:": "👱",
  ":female_red_haired:": "👩",
  ":female_curly_haired:": "👩",
  ":female_white_haired:": "👩",
  ":female_bald:": "👩",
  ":older_adult:": "🧓",
  ":older_man:": "👴",
  ":older_woman:": "👵",
  ":person_frowning:": "🙍",
  ":man-frowning:": "🙍",
  ":woman-frowning:": "🙍",
  ":person_with_pouting_face:": "🙎",
  ":man-pouting:": "🙎",
  ":woman-pouting:": "🙎",
  ":no_good:": "🙅",
  ":man-gesturing-no:": "🙅",
  ":woman-gesturing-no:": "🙅",
  ":ok_woman:": "🙆",
  ":man-gesturing-ok:": "🙆",
  ":woman-gesturing-ok:": "🙆",
  ":information_desk_person:": "💁",
  ":man-tipping-hand:": "💁",
  ":woman-tipping-hand:": "💁",
  ":raising_hand:": "🙋",
  ":man-raising-hand:": "🙋",
  ":woman-raising-hand:": "🙋",
  ":bow:": "🙇",
  ":man-bowing:": "🙇",
  ":woman-bowing:": "🙇",
  ":face_palm:": "🤦",
  ":man-facepalming:": "🤦",
  ":woman-facepalming:": "🤦",
  ":shrug:": "🤷",
  ":man-shrugging:": "🤷",
  ":woman-shrugging:": "🤷",
  ":male-doctor:": "👨",
  ":female-doctor:": "👩",
  ":male-student:": "👨",
  ":female-student:": "👩",
  ":male-teacher:": "👨",
  ":female-teacher:": "👩",
  ":male-judge:": "👨",
  ":female-judge:": "👩",
  ":male-farmer:": "👨",
  ":female-farmer:": "👩",
  ":male-cook:": "👨",
  ":female-cook:": "👩",
  ":male-mechanic:": "👨",
  ":female-mechanic:": "👩",
  ":male-factory-worker:": "👨",
  ":female-factory-worker:": "👩",
  ":male-office-worker:": "👨",
  ":female-office-worker:": "👩",
  ":male-scientist:": "👨",
  ":female-scientist:": "👩",
  ":male-technologist:": "👨",
  ":female-technologist:": "👩",
  ":male-singer:": "👨",
  ":female-singer:": "👩",
  ":male-artist:": "👨",
  ":female-artist:": "👩",
  ":male-pilot:": "👨",
  ":female-pilot:": "👩",
  ":male-astronaut:": "👨",
  ":female-astronaut:": "👩",
  ":male-firefighter:": "👨",
  ":female-firefighter:": "👩",
  ":cop:": "👮",
  ":male-police-officer:": "👮",
  ":female-police-officer:": "👮",
  ":sleuth_or_spy:": "🕵",
  ":male-detective:": "🕵",
  ":female-detective:": "🕵",
  ":guardsman:": "💂",
  ":male-guard:": "💂",
  ":female-guard:": "💂",
  ":construction_worker:": "👷",
  ":male-construction-worker:": "👷",
  ":female-construction-worker:": "👷",
  ":prince:": "🤴",
  ":princess:": "👸",
  ":man_with_turban:": "👳",
  ":man-wearing-turban:": "👳",
  ":woman-wearing-turban:": "👳",
  ":man_with_gua_pi_mao:": "👲",
  ":person_with_headscarf:": "🧕",
  ":man_in_tuxedo:": "🤵",
  ":bride_with_veil:": "👰",
  ":pregnant_woman:": "🤰",
  ":breast-feeding:": "🤱",
  ":angel:": "👼",
  ":santa:": "🎅",
  ":mrs_claus:": "🤶",
  ":male_superhero:": "🦸",
  ":female_superhero:": "🦸",
  ":male_supervillain:": "🦹",
  ":female_supervillain:": "🦹",
  ":mage:": "🧙",
  ":male_mage:": "🧙",
  ":female_mage:": "🧙",
  ":fairy:": "🧚",
  ":male_fairy:": "🧚",
  ":female_fairy:": "🧚",
  ":vampire:": "🧛",
  ":male_vampire:": "🧛",
  ":female_vampire:": "🧛",
  ":merperson:": "🧜",
  ":merman:": "🧜",
  ":mermaid:": "🧜",
  ":elf:": "🧝",
  ":male_elf:": "🧝",
  ":female_elf:": "🧝",
  ":genie:": "🧞",
  ":male_genie:": "🧞",
  ":female_genie:": "🧞",
  ":zombie:": "🧟",
  ":male_zombie:": "🧟",
  ":female_zombie:": "🧟",
  ":massage:": "💆",
  ":man-getting-massage:": "💆",
  ":woman-getting-massage:": "💆",
  ":haircut:": "💇",
  ":man-getting-haircut:": "💇",
  ":woman-getting-haircut:": "💇",
  ":walking:": "🚶",
  ":man-walking:": "🚶",
  ":woman-walking:": "🚶",
  ":runner:": "🏃",
  ":man-running:": "🏃",
  ":woman-running:": "🏃",
  ":dancer:": "💃",
  ":man_dancing:": "🕺",
  ":man_in_business_suit_levitating:": "🕴",
  ":dancers:": "👯",
  ":man-with-bunny-ears-partying:": "👯",
  ":woman-with-bunny-ears-partying:": "👯",
  ":person_in_steamy_room:": "🧖",
  ":man_in_steamy_room:": "🧖",
  ":woman_in_steamy_room:": "🧖",
  ":person_climbing:": "🧗",
  ":man_climbing:": "🧗",
  ":woman_climbing:": "🧗",
  ":fencer:": "🤺",
  ":horse_racing:": "🏇",
  ":skier:": "⛷",
  ":snowboarder:": "🏂",
  ":golfer:": "🏌",
  ":man-golfing:": "🏌",
  ":woman-golfing:": "🏌",
  ":surfer:": "🏄",
  ":man-surfing:": "🏄",
  ":woman-surfing:": "🏄",
  ":rowboat:": "🚣",
  ":man-rowing-boat:": "🚣",
  ":woman-rowing-boat:": "🚣",
  ":swimmer:": "🏊",
  ":man-swimming:": "🏊",
  ":woman-swimming:": "🏊",
  ":person_with_ball:": "⛹",
  ":man-bouncing-ball:": "⛹",
  ":woman-bouncing-ball:": "⛹",
  ":weight_lifter:": "🏋",
  ":man-lifting-weights:": "🏋",
  ":woman-lifting-weights:": "🏋",
  ":bicyclist:": "🚴",
  ":man-biking:": "🚴",
  ":woman-biking:": "🚴",
  ":mountain_bicyclist:": "🚵",
  ":man-mountain-biking:": "🚵",
  ":woman-mountain-biking:": "🚵",
  ":person_doing_cartwheel:": "🤸",
  ":man-cartwheeling:": "🤸",
  ":woman-cartwheeling:": "🤸",
  ":wrestlers:": "🤼",
  ":man-wrestling:": "🤼",
  ":woman-wrestling:": "🤼",
  ":water_polo:": "🤽",
  ":man-playing-water-polo:": "🤽",
  ":woman-playing-water-polo:": "🤽",
  ":handball:": "🤾",
  ":man-playing-handball:": "🤾",
  ":woman-playing-handball:": "🤾",
  ":juggling:": "🤹",
  ":man-juggling:": "🤹",
  ":woman-juggling:": "🤹",
  ":person_in_lotus_position:": "🧘",
  ":man_in_lotus_position:": "🧘",
  ":woman_in_lotus_position:": "🧘",
  ":bath:": "🛀",
  ":sleeping_accommodation:": "🛌",
  ":two_women_holding_hands:": "👭",
  ":couple:": "👫",
  ":two_men_holding_hands:": "👬",
  ":couplekiss:": "💏",
  ":woman-kiss-man:": "👩",
  ":man-kiss-man:": "👨",
  ":woman-kiss-woman:": "👩",
  ":couple_with_heart:": "💑",
  ":woman-heart-man:": "👩",
  ":man-heart-man:": "👨",
  ":woman-heart-woman:": "👩",
  ":family:": "👪",
  ":man-woman-boy:": "👨",
  ":man-woman-girl:": "👨",
  ":man-woman-girl-boy:": "👨",
  ":man-woman-boy-boy:": "👨",
  ":man-woman-girl-girl:": "👨",
  ":man-man-boy:": "👨",
  ":man-man-girl:": "👨",
  ":man-man-girl-boy:": "👨",
  ":man-man-boy-boy:": "👨",
  ":man-man-girl-girl:": "👨",
  ":woman-woman-boy:": "👩",
  ":woman-woman-girl:": "👩",
  ":woman-woman-girl-boy:": "👩",
  ":woman-woman-boy-boy:": "👩",
  ":woman-woman-girl-girl:": "👩",
  ":man-boy:": "👨",
  ":man-boy-boy:": "👨",
  ":man-girl:": "👨",
  ":man-girl-boy:": "👨",
  ":man-girl-girl:": "👨",
  ":woman-boy:": "👩",
  ":woman-boy-boy:": "👩",
  ":woman-girl:": "👩",
  ":woman-girl-boy:": "👩",
  ":woman-girl-girl:": "👩",
  ":speaking_head_in_silhouette:": "🗣",
  ":bust_in_silhouette:": "👤",
  ":busts_in_silhouette:": "👥",
  ":footprints:": "👣",
  ":skin-tone-2:": "🏻",
  ":skin-tone-3:": "🏼",
  ":skin-tone-4:": "🏽",
  ":skin-tone-5:": "🏾",
  ":skin-tone-6:": "🏿",
  ":monkey_face:": "🐵",
  ":monkey:": "🐒",
  ":gorilla:": "🦍",
  ":dog:": "🐶",
  ":dog2:": "🐕",
  ":poodle:": "🐩",
  ":wolf:": "🐺",
  ":fox_face:": "🦊",
  ":raccoon:": "🦝",
  ":cat:": "🐱",
  ":cat2:": "🐈",
  ":lion_face:": "🦁",
  ":tiger:": "🐯",
  ":tiger2:": "🐅",
  ":leopard:": "🐆",
  ":horse:": "🐴",
  ":racehorse:": "🐎",
  ":unicorn_face:": "🦄",
  ":zebra_face:": "🦓",
  ":deer:": "🦌",
  ":cow:": "🐮",
  ":ox:": "🐂",
  ":water_buffalo:": "🐃",
  ":cow2:": "🐄",
  ":pig:": "🐷",
  ":pig2:": "🐖",
  ":boar:": "🐗",
  ":pig_nose:": "🐽",
  ":ram:": "🐏",
  ":sheep:": "🐑",
  ":goat:": "🐐",
  ":dromedary_camel:": "🐪",
  ":camel:": "🐫",
  ":llama:": "🦙",
  ":giraffe_face:": "🦒",
  ":elephant:": "🐘",
  ":rhinoceros:": "🦏",
  ":hippopotamus:": "🦛",
  ":mouse:": "🐭",
  ":mouse2:": "🐁",
  ":rat:": "🐀",
  ":hamster:": "🐹",
  ":rabbit:": "🐰",
  ":rabbit2:": "🐇",
  ":chipmunk:": "1",
  ":hedgehog:": "🦔",
  ":bat:": "🦇",
  ":bear:": "🐻",
  ":koala:": "🐨",
  ":panda_face:": "🐼",
  ":kangaroo:": "🦘",
  ":badger:": "🦡",
  ":feet:": "🐾",
  ":turkey:": "🦃",
  ":chicken:": "🐔",
  ":rooster:": "🐓",
  ":hatching_chick:": "🐣",
  ":baby_chick:": "🐤",
  ":hatched_chick:": "🐥",
  ":bird:": "🐦",
  ":penguin:": "🐧",
  ":eagle:": "🦅",
  ":duck:": "🦆",
  ":swan:": "🦢",
  ":owl:": "🦉",
  ":peacock:": "🦚",
  ":parrot:": "🦜",
  ":frog:": "🐸",
  ":crocodile:": "🐊",
  ":turtle:": "🐢",
  ":lizard:": "🦎",
  ":snake:": "🐍",
  ":dragon_face:": "🐲",
  ":dragon:": "🐉",
  ":sauropod:": "🦕",
  ":t-rex:": "🦖",
  ":whale:": "🐳",
  ":whale2:": "🐋",
  ":dolphin:": "🐬",
  ":fish:": "🐟",
  ":tropical_fish:": "🐠",
  ":blowfish:": "🐡",
  ":shark:": "🦈",
  ":octopus:": "🐙",
  ":shell:": "🐚",
  ":snail:": "🐌",
  ":butterfly:": "🦋",
  ":bug:": "🐛",
  ":ant:": "🐜",
  ":bee:": "🐝",
  ":beetle:": "🐞",
  ":cricket:": "🦗",
  ":spider:": "1",
  ":spider_web:": "1",
  ":scorpion:": "🦂",
  ":mosquito:": "🦟",
  ":microbe:": "🦠",
  ":bouquet:": "💐",
  ":cherry_blossom:": "🌸",
  ":white_flower:": "💮",
  ":rosette:": "1",
  ":rose:": "🌹",
  ":wilted_flower:": "🥀",
  ":hibiscus:": "🌺",
  ":sunflower:": "🌻",
  ":blossom:": "🌼",
  ":tulip:": "🌷",
  ":seedling:": "🌱",
  ":evergreen_tree:": "🌲",
  ":deciduous_tree:": "🌳",
  ":palm_tree:": "🌴",
  ":cactus:": "🌵",
  ":ear_of_rice:": "🌾",
  ":herb:": "🌿",
  ":shamrock:": "☘",
  ":four_leaf_clover:": "🍀",
  ":maple_leaf:": "🍁",
  ":fallen_leaf:": "🍂",
  ":leaves:": "🍃",
  ":grapes:": "🍇",
  ":melon:": "🍈",
  ":watermelon:": "🍉",
  ":tangerine:": "🍊",
  ":lemon:": "🍋",
  ":banana:": "🍌",
  ":pineapple:": "🍍",
  ":mango:": "🥭",
  ":apple:": "🍎",
  ":green_apple:": "🍏",
  ":pear:": "🍐",
  ":peach:": "🍑",
  ":cherries:": "🍒",
  ":strawberry:": "🍓",
  ":kiwifruit:": "🥝",
  ":tomato:": "🍅",
  ":coconut:": "🥥",
  ":avocado:": "🥑",
  ":eggplant:": "🍆",
  ":potato:": "🥔",
  ":carrot:": "🥕",
  ":corn:": "🌽",
  ":hot_pepper:": "1",
  ":cucumber:": "🥒",
  ":leafy_green:": "🥬",
  ":broccoli:": "🥦",
  ":mushroom:": "🍄",
  ":peanuts:": "🥜",
  ":chestnut:": "🌰",
  ":bread:": "🍞",
  ":croissant:": "🥐",
  ":baguette_bread:": "🥖",
  ":pretzel:": "🥨",
  ":bagel:": "🥯",
  ":pancakes:": "🥞",
  ":cheese_wedge:": "🧀",
  ":meat_on_bone:": "🍖",
  ":poultry_leg:": "🍗",
  ":cut_of_meat:": "🥩",
  ":bacon:": "🥓",
  ":hamburger:": "🍔",
  ":fries:": "🍟",
  ":pizza:": "🍕",
  ":hotdog:": "🌭",
  ":sandwich:": "🥪",
  ":taco:": "🌮",
  ":burrito:": "🌯",
  ":stuffed_flatbread:": "🥙",
  ":egg:": "🥚",
  ":fried_egg:": "🍳",
  ":shallow_pan_of_food:": "🥘",
  ":stew:": "🍲",
  ":bowl_with_spoon:": "🥣",
  ":green_salad:": "🥗",
  ":popcorn:": "🍿",
  ":salt:": "🧂",
  ":canned_food:": "🥫",
  ":bento:": "🍱",
  ":rice_cracker:": "🍘",
  ":rice_ball:": "🍙",
  ":rice:": "🍚",
  ":curry:": "🍛",
  ":ramen:": "🍜",
  ":spaghetti:": "🍝",
  ":sweet_potato:": "🍠",
  ":oden:": "🍢",
  ":sushi:": "🍣",
  ":fried_shrimp:": "🍤",
  ":fish_cake:": "🍥",
  ":moon_cake:": "🥮",
  ":dango:": "🍡",
  ":dumpling:": "🥟",
  ":fortune_cookie:": "🥠",
  ":takeout_box:": "🥡",
  ":crab:": "🦀",
  ":lobster:": "🦞",
  ":shrimp:": "🦐",
  ":squid:": "🦑",
  ":icecream:": "🍦",
  ":shaved_ice:": "🍧",
  ":ice_cream:": "🍨",
  ":doughnut:": "🍩",
  ":cookie:": "🍪",
  ":birthday:": "🎂",
  ":cake:": "🍰",
  ":cupcake:": "🧁",
  ":pie:": "🥧",
  ":chocolate_bar:": "🍫",
  ":candy:": "🍬",
  ":lollipop:": "🍭",
  ":custard:": "🍮",
  ":honey_pot:": "🍯",
  ":baby_bottle:": "🍼",
  ":glass_of_milk:": "🥛",
  ":coffee:": "☕",
  ":tea:": "🍵",
  ":sake:": "🍶",
  ":champagne:": "🍾",
  ":wine_glass:": "🍷",
  ":cocktail:": "🍸",
  ":tropical_drink:": "🍹",
  ":beer:": "🍺",
  ":beers:": "🍻",
  ":clinking_glasses:": "🥂",
  ":tumbler_glass:": "🥃",
  ":cup_with_straw:": "🥤",
  ":chopsticks:": "🥢",
  ":knife_fork_plate:": "1",
  ":fork_and_knife:": "🍴",
  ":spoon:": "🥄",
  ":hocho:": "🔪",
  ":amphora:": "🏺",
  ":earth_africa:": "🌍",
  ":earth_americas:": "🌎",
  ":earth_asia:": "🌏",
  ":globe_with_meridians:": "🌐",
  ":world_map:": "1",
  ":japan:": "🗾",
  ":compass:": "🧭",
  ":snow_capped_mountain:": "🏔",
  ":mountain:": "2",
  ":volcano:": "🌋",
  ":mount_fuji:": "🗻",
  ":camping:": "1",
  ":beach_with_umbrella:": "1",
  ":desert:": "1",
  ":desert_island:": "1",
  ":national_park:": "1",
  ":stadium:": "1",
  ":classical_building:": "1",
  ":building_construction:": "1",
  ":bricks:": "🧱",
  ":house_buildings:": "1",
  ":derelict_house_building:": "1",
  ":house:": "🏠",
  ":house_with_garden:": "🏡",
  ":office:": "🏢",
  ":post_office:": "🏣",
  ":european_post_office:": "🏤",
  ":hospital:": "🏥",
  ":bank:": "🏦",
  ":hotel:": "🏨",
  ":love_hotel:": "🏩",
  ":convenience_store:": "🏪",
  ":school:": "🏫",
  ":department_store:": "🏬",
  ":factory:": "🏭",
  ":japanese_castle:": "🏯",
  ":european_castle:": "🏰",
  ":wedding:": "💒",
  ":tokyo_tower:": "🗼",
  ":statue_of_liberty:": "🗽",
  ":church:": "⛪",
  ":mosque:": "🕌",
  ":synagogue:": "🕍",
  ":shinto_shrine:": "2",
  ":kaaba:": "🕋",
  ":fountain:": "⛲",
  ":tent:": "⛺",
  ":foggy:": "🌁",
  ":night_with_stars:": "🌃",
  ":cityscape:": "1",
  ":sunrise_over_mountains:": "🌄",
  ":sunrise:": "🌅",
  ":city_sunset:": "🌆",
  ":city_sunrise:": "🌇",
  ":bridge_at_night:": "🌉",
  ":hotsprings:": "2",
  ":carousel_horse:": "🎠",
  ":ferris_wheel:": "🎡",
  ":roller_coaster:": "🎢",
  ":barber:": "💈",
  ":circus_tent:": "🎪",
  ":steam_locomotive:": "🚂",
  ":railway_car:": "🚃",
  ":bullettrain_side:": "🚄",
  ":bullettrain_front:": "🚅",
  ":train2:": "🚆",
  ":metro:": "🚇",
  ":light_rail:": "🚈",
  ":station:": "🚉",
  ":tram:": "🚊",
  ":monorail:": "🚝",
  ":mountain_railway:": "🚞",
  ":train:": "🚋",
  ":bus:": "🚌",
  ":oncoming_bus:": "🚍",
  ":trolleybus:": "🚎",
  ":minibus:": "🚐",
  ":ambulance:": "🚑",
  ":fire_engine:": "🚒",
  ":police_car:": "🚓",
  ":oncoming_police_car:": "🚔",
  ":taxi:": "🚕",
  ":oncoming_taxi:": "🚖",
  ":car:": "🚗",
  ":oncoming_automobile:": "🚘",
  ":blue_car:": "🚙",
  ":truck:": "🚚",
  ":articulated_lorry:": "🚛",
  ":tractor:": "🚜",
  ":racing_car:": "1",
  ":racing_motorcycle:": "1",
  ":motor_scooter:": "🛵",
  ":bike:": "🚲",
  ":scooter:": "🛴",
  ":skateboard:": "🛹",
  ":busstop:": "🚏",
  ":motorway:": "1",
  ":railway_track:": "1",
  ":oil_drum:": "1",
  ":fuelpump:": "⛽",
  ":rotating_light:": "🚨",
  ":traffic_light:": "🚥",
  ":vertical_traffic_light:": "🚦",
  ":octagonal_sign:": "🛑",
  ":construction:": "🚧",
  ":anchor:": "⚓",
  ":boat:": "⛵",
  ":canoe:": "🛶",
  ":speedboat:": "🚤",
  ":passenger_ship:": "1",
  ":ferry:": "2",
  ":motor_boat:": "1",
  ":ship:": "🚢",
  ":airplane:": "2",
  ":small_airplane:": "1",
  ":airplane_departure:": "🛫",
  ":airplane_arriving:": "🛬",
  ":seat:": "💺",
  ":helicopter:": "🚁",
  ":suspension_railway:": "🚟",
  ":mountain_cableway:": "🚠",
  ":aerial_tramway:": "🚡",
  ":satellite:": "1",
  ":rocket:": "🚀",
  ":flying_saucer:": "🛸",
  ":bellhop_bell:": "1",
  ":luggage:": "🧳",
  ":hourglass:": "⌛",
  ":hourglass_flowing_sand:": "⏳",
  ":watch:": "⌚",
  ":alarm_clock:": "⏰",
  ":timer_clock:": "2",
  ":mantelpiece_clock:": "1",
  ":clock12:": "🕛",
  ":clock1230:": "🕧",
  ":clock1:": "🕐",
  ":clock130:": "🕜",
  ":clock2:": "🕑",
  ":clock230:": "🕝",
  ":clock3:": "🕒",
  ":clock330:": "🕞",
  ":clock4:": "🕓",
  ":clock430:": "🕟",
  ":clock5:": "🕔",
  ":clock530:": "🕠",
  ":clock6:": "🕕",
  ":clock630:": "🕡",
  ":clock7:": "🕖",
  ":clock730:": "🕢",
  ":clock8:": "🕗",
  ":clock830:": "🕣",
  ":clock9:": "🕘",
  ":clock930:": "🕤",
  ":clock10:": "🕙",
  ":clock1030:": "🕥",
  ":clock11:": "🕚",
  ":clock1130:": "🕦",
  ":new_moon:": "🌑",
  ":waxing_crescent_moon:": "🌒",
  ":first_quarter_moon:": "🌓",
  ":moon:": "🌔",
  ":full_moon:": "🌕",
  ":waning_gibbous_moon:": "🌖",
  ":last_quarter_moon:": "🌗",
  ":waning_crescent_moon:": "🌘",
  ":crescent_moon:": "🌙",
  ":new_moon_with_face:": "🌚",
  ":first_quarter_moon_with_face:": "🌛",
  ":last_quarter_moon_with_face:": "🌜",
  ":thermometer:": "1",
  ":full_moon_with_face:": "🌝",
  ":sun_with_face:": "🌞",
  ":star:": "⭐",
  ":star2:": "🌟",
  ":stars:": "🌠",
  ":milky_way:": "🌌",
  ":cloud:": "2",
  ":partly_sunny:": "⛅",
  ":thunder_cloud_and_rain:": "2",
  ":mostly_sunny:": "1",
  ":barely_sunny:": "1",
  ":partly_sunny_rain:": "1",
  ":rain_cloud:": "1",
  ":snow_cloud:": "1",
  ":lightning:": "1",
  ":tornado:": "1",
  ":fog:": "1",
  ":wind_blowing_face:": "1",
  ":cyclone:": "🌀",
  ":rainbow:": "🌈",
  ":closed_umbrella:": "🌂",
  ":umbrella:": "2",
  ":umbrella_with_rain_drops:": "☔",
  ":zap:": "⚡",
  ":snowflake:": "2",
  ":snowman:": "2",
  ":snowman_without_snow:": "⛄",
  ":comet:": "2",
  ":fire:": "🔥",
  ":droplet:": "💧",
  ":ocean:": "🌊",
  ":jack_o_lantern:": "🎃",
  ":christmas_tree:": "🎄",
  ":fireworks:": "🎆",
  ":sparkler:": "🎇",
  ":firecracker:": "🧨",
  ":sparkles:": "✨",
  ":balloon:": "🎈",
  ":tada:": "🎉",
  ":confetti_ball:": "🎊",
  ":tanabata_tree:": "🎋",
  ":bamboo:": "🎍",
  ":dolls:": "🎎",
  ":flags:": "🎏",
  ":wind_chime:": "🎐",
  ":rice_scene:": "🎑",
  ":red_envelope:": "🧧",
  ":ribbon:": "🎀",
  ":gift:": "🎁",
  ":reminder_ribbon:": "1",
  ":admission_tickets:": "1",
  ":ticket:": "🎫",
  ":medal:": "1",
  ":trophy:": "🏆",
  ":sports_medal:": "🏅",
  ":first_place_medal:": "🥇",
  ":second_place_medal:": "🥈",
  ":third_place_medal:": "🥉",
  ":soccer:": "⚽",
  ":baseball:": "⚾",
  ":softball:": "🥎",
  ":basketball:": "🏀",
  ":volleyball:": "🏐",
  ":football:": "🏈",
  ":rugby_football:": "🏉",
  ":tennis:": "🎾",
  ":flying_disc:": "🥏",
  ":bowling:": "🎳",
  ":cricket_bat_and_ball:": "🏏",
  ":field_hockey_stick_and_ball:": "🏑",
  ":ice_hockey_stick_and_puck:": "🏒",
  ":lacrosse:": "🥍",
  ":table_tennis_paddle_and_ball:": "🏓",
  ":badminton_racquet_and_shuttlecock:": "🏸",
  ":boxing_glove:": "🥊",
  ":martial_arts_uniform:": "🥋",
  ":goal_net:": "🥅",
  ":golf:": "⛳",
  ":ice_skate:": "2",
  ":fishing_pole_and_fish:": "🎣",
  ":running_shirt_with_sash:": "🎽",
  ":ski:": "🎿",
  ":sled:": "🛷",
  ":curling_stone:": "🥌",
  ":dart:": "🎯",
  ":8ball:": "🎱",
  ":crystal_ball:": "🔮",
  ":nazar_amulet:": "🧿",
  ":video_game:": "🎮",
  ":joystick:": "1",
  ":slot_machine:": "🎰",
  ":game_die:": "🎲",
  ":jigsaw:": "🧩",
  ":teddy_bear:": "🧸",
  ":chess_pawn:": "2",
  ":black_joker:": "🃏",
  ":mahjong:": "🀄",
  ":flower_playing_cards:": "🎴",
  ":performing_arts:": "🎭",
  ":frame_with_picture:": "1",
  ":art:": "🎨",
  ":thread:": "🧵",
  ":yarn:": "🧶",
  ":eyeglasses:": "👓",
  ":dark_sunglasses:": "1",
  ":goggles:": "🥽",
  ":lab_coat:": "🥼",
  ":necktie:": "👔",
  ":shirt:": "👕",
  ":jeans:": "👖",
  ":scarf:": "🧣",
  ":gloves:": "🧤",
  ":coat:": "🧥",
  ":socks:": "🧦",
  ":dress:": "👗",
  ":kimono:": "👘",
  ":bikini:": "👙",
  ":womans_clothes:": "👚",
  ":purse:": "👛",
  ":handbag:": "👜",
  ":pouch:": "👝",
  ":shopping_bags:": "1",
  ":school_satchel:": "🎒",
  ":mans_shoe:": "👞",
  ":athletic_shoe:": "👟",
  ":hiking_boot:": "🥾",
  ":womans_flat_shoe:": "🥿",
  ":high_heel:": "👠",
  ":sandal:": "👡",
  ":boot:": "👢",
  ":crown:": "👑",
  ":womans_hat:": "👒",
  ":tophat:": "🎩",
  ":mortar_board:": "🎓",
  ":billed_cap:": "🧢",
  ":helmet_with_white_cross:": "2",
  ":prayer_beads:": "📿",
  ":lipstick:": "💄",
  ":ring:": "💍",
  ":gem:": "💎",
  ":mute:": "🔇",
  ":speaker:": "🔈",
  ":sound:": "🔉",
  ":loud_sound:": "🔊",
  ":loudspeaker:": "📢",
  ":mega:": "📣",
  ":postal_horn:": "📯",
  ":bell:": "🔔",
  ":no_bell:": "🔕",
  ":musical_score:": "🎼",
  ":musical_note:": "🎵",
  ":notes:": "🎶",
  ":studio_microphone:": "1",
  ":level_slider:": "1",
  ":control_knobs:": "1",
  ":microphone:": "🎤",
  ":headphones:": "🎧",
  ":radio:": "📻",
  ":saxophone:": "🎷",
  ":guitar:": "🎸",
  ":musical_keyboard:": "🎹",
  ":trumpet:": "🎺",
  ":violin:": "🎻",
  ":drum_with_drumsticks:": "🥁",
  ":iphone:": "📱",
  ":calling:": "📲",
  ":phone:": "2",
  ":telephone_receiver:": "📞",
  ":pager:": "📟",
  ":fax:": "📠",
  ":battery:": "🔋",
  ":electric_plug:": "🔌",
  ":computer:": "💻",
  ":desktop_computer:": "1",
  ":printer:": "1",
  ":keyboard:": "2",
  ":three_button_mouse:": "1",
  ":trackball:": "1",
  ":minidisc:": "💽",
  ":floppy_disk:": "💾",
  ":cd:": "💿",
  ":dvd:": "📀",
  ":abacus:": "🧮",
  ":movie_camera:": "🎥",
  ":film_frames:": "1",
  ":film_projector:": "1",
  ":clapper:": "🎬",
  ":tv:": "📺",
  ":camera:": "📷",
  ":camera_with_flash:": "📸",
  ":video_camera:": "📹",
  ":vhs:": "📼",
  ":mag:": "🔍",
  ":candle:": "1",
  ":bulb:": "💡",
  ":flashlight:": "🔦",
  ":izakaya_lantern:": "🏮",
  ":notebook_with_decorative_cover:": "📔",
  ":closed_book:": "📕",
  ":book:": "📖",
  ":green_book:": "📗",
  ":blue_book:": "📘",
  ":orange_book:": "📙",
  ":books:": "📚",
  ":notebook:": "📓",
  ":ledger:": "📒",
  ":page_with_curl:": "📃",
  ":scroll:": "📜",
  ":page_facing_up:": "📄",
  ":newspaper:": "📰",
  ":rolled_up_newspaper:": "1",
  ":bookmark_tabs:": "📑",
  ":bookmark:": "🔖",
  ":label:": "1",
  ":moneybag:": "💰",
  ":yen:": "💴",
  ":dollar:": "💵",
  ":euro:": "💶",
  ":pound:": "💷",
  ":money_with_wings:": "💸",
  ":credit_card:": "💳",
  ":receipt:": "🧾",
  ":chart:": "💹",
  ":currency_exchange:": "💱",
  ":heavy_dollar_sign:": "💲",
  ":email:": "✉",
  ":e-mail:": "📧",
  ":incoming_envelope:": "📨",
  ":envelope_with_arrow:": "📩",
  ":outbox_tray:": "📤",
  ":inbox_tray:": "📥",
  ":package:": "📦",
  ":mailbox:": "📫",
  ":mailbox_closed:": "📪",
  ":mailbox_with_mail:": "📬",
  ":mailbox_with_no_mail:": "📭",
  ":postbox:": "📮",
  ":ballot_box_with_ballot:": "1",
  ":pencil2:": "2",
  ":black_nib:": "2",
  ":lower_left_fountain_pen:": "1",
  ":lower_left_ballpoint_pen:": "1",
  ":lower_left_paintbrush:": "1",
  ":lower_left_crayon:": "1",
  ":memo:": "📝",
  ":briefcase:": "💼",
  ":file_folder:": "📁",
  ":card_index_dividers:": "1",
  ":date:": "📅",
  ":calendar:": "📆",
  ":spiral_note_pad:": "1",
  ":spiral_calendar_pad:": "1",
  ":card_index:": "📇",
  ":chart_with_upwards_trend:": "📈",
  ":chart_with_downwards_trend:": "📉",
  ":bar_chart:": "📊",
  ":clipboard:": "📋",
  ":pushpin:": "📌",
  ":round_pushpin:": "📍",
  ":paperclip:": "📎",
  ":linked_paperclips:": "1",
  ":straight_ruler:": "📏",
  ":triangular_ruler:": "📐",
  ":scissors:": "2",
  ":card_file_box:": "1",
  ":file_cabinet:": "1",
  ":wastebasket:": "1",
  ":lock:": "🔒",
  ":lock_with_ink_pen:": "🔏",
  ":key:": "🔑",
  ":old_key:": "1",
  ":hammer:": "🔨",
  ":pick:": "2",
  ":hammer_and_pick:": "2",
  ":hammer_and_wrench:": "1",
  ":dagger_knife:": "1",
  ":crossed_swords:": "2",
  ":gun:": "🔫",
  ":bow_and_arrow:": "🏹",
  ":shield:": "1",
  ":wrench:": "🔧",
  ":nut_and_bolt:": "🔩",
  ":gear:": "2",
  ":compression:": "1",
  ":scales:": "2",
  ":link:": "🔗",
  ":chains:": "2",
  ":toolbox:": "🧰",
  ":magnet:": "🧲",
  ":alembic:": "2",
  ":test_tube:": "🧪",
  ":petri_dish:": "🧫",
  ":dna:": "🧬",
  ":microscope:": "🔬",
  ":telescope:": "🔭",
  ":satellite_antenna:": "📡",
  ":syringe:": "💉",
  ":pill:": "💊",
  ":door:": "🚪",
  ":bed:": "1",
  ":couch_and_lamp:": "1",
  ":toilet:": "🚽",
  ":shower:": "🚿",
  ":bathtub:": "🛁",
  ":lotion_bottle:": "🧴",
  ":safety_pin:": "🧷",
  ":broom:": "🧹",
  ":basket:": "🧺",
  ":roll_of_paper:": "🧻",
  ":soap:": "🧼",
  ":sponge:": "🧽",
  ":fire_extinguisher:": "🧯",
  ":shopping_trolley:": "🛒",
  ":smoking:": "🚬",
  ":coffin:": "2",
  ":funeral_urn:": "2",
  ":moyai:": "🗿",
  ":atm:": "🏧",
  ":put_litter_in_its_place:": "🚮",
  ":potable_water:": "🚰",
  ":wheelchair:": "♿",
  ":mens:": "🚹",
  ":restroom:": "🚻",
  ":baby_symbol:": "🚼",
  ":wc:": "🚾",
  ":passport_control:": "🛂",
  ":customs:": "🛃",
  ":baggage_claim:": "🛄",
  ":left_luggage:": "🛅",
  ":warning:": "2",
  ":children_crossing:": "🚸",
  ":no_entry:": "⛔",
  ":no_entry_sign:": "🚫",
  ":no_bicycles:": "🚳",
  ":no_smoking:": "🚭",
  ":do_not_litter:": "🚯",
  ":non-potable_water:": "🚱",
  ":no_pedestrians:": "🚷",
  ":no_mobile_phones:": "📵",
  ":underage:": "🔞",
  ":radioactive_sign:": "2",
  ":biohazard_sign:": "2",
  ":arrow_up:": "2",
  ":arrow_upper_right:": "2",
  ":arrow_right:": "2",
  ":arrow_lower_right:": "2",
  ":arrow_down:": "2",
  ":arrow_lower_left:": "2",
  ":arrow_left:": "2",
  ":arrow_upper_left:": "2",
  ":leftwards_arrow_with_hook:": "2",
  ":arrow_right_hook:": "2",
  ":arrow_heading_up:": "2",
  ":arrow_heading_down:": "2",
  ":arrows_clockwise:": "🔃",
  ":arrows_counterclockwise:": "🔄",
  ":back:": "🔙",
  ":end:": "🔚",
  ":on:": "🔛",
  ":soon:": "🔜",
  ":top:": "🔝",
  ":place_of_worship:": "🛐",
  ":atom_symbol:": "2",
  ":om_symbol:": "1",
  ":star_of_david:": "2",
  ":wheel_of_dharma:": "2",
  ":yin_yang:": "2",
  ":latin_cross:": "2",
  ":orthodox_cross:": "2",
  ":star_and_crescent:": "2",
  ":peace_symbol:": "2",
  ":menorah_with_nine_branches:": "🕎",
  ":six_pointed_star:": "🔯",
  ":aries:": "♈",
  ":taurus:": "♉",
  ":gemini:": "♊",
  ":cancer:": "♋",
  ":leo:": "♌",
  ":virgo:": "♍",
  ":libra:": "♎",
  ":scorpius:": "♏",
  ":sagittarius:": "♐",
  ":capricorn:": "♑",
  ":aquarius:": "♒",
  ":pisces:": "♓",
  ":ophiuchus:": "⛎",
  ":twisted_rightwards_arrows:": "🔀",
  ":repeat:": "🔁",
  ":repeat_one:": "🔂",
  ":arrow_forward:": "2",
  ":fast_forward:": "⏩",
  ":black_right_pointing_double_triangle_with_vertical_bar:": "2",
  ":black_right_pointing_triangle_with_double_vertical_bar:": "2",
  ":arrow_backward:": "2",
  ":rewind:": "⏪",
  ":black_left_pointing_double_triangle_with_vertical_bar:": "2",
  ":arrow_up_small:": "🔼",
  ":arrow_double_up:": "⏫",
  ":arrow_down_small:": "🔽",
  ":arrow_double_down:": "⏬",
  ":double_vertical_bar:": "2",
  ":black_square_for_stop:": "2",
  ":eject:": "2",
  ":cinema:": "🎦",
  ":low_brightness:": "🔅",
  ":high_brightness:": "🔆",
  ":signal_strength:": "📶",
  ":vibration_mode:": "📳",
  ":mobile_phone_off:": "📴",
  ":medical_symbol:": "2",
  ":infinity:": "2",
  ":recycle:": "2",
  ":fleur_de_lis:": "2",
  ":trident:": "🔱",
  ":name_badge:": "📛",
  ":beginner:": "🔰",
  ":o:": "⭕",
  ":white_check_mark:": "✅",
  ":ballot_box_with_check:": "2",
  ":heavy_check_mark:": "2",
  ":heavy_multiplication_x:": "2",
  ":x:": "❌",
  ":negative_squared_cross_mark:": "❎",
  ":heavy_plus_sign:": "➕",
  ":heavy_minus_sign:": "➖",
  ":heavy_division_sign:": "➗",
  ":curly_loop:": "➰",
  ":loop:": "➿",
  ":part_alternation_mark:": "3",
  ":eight_spoked_asterisk:": "2",
  ":eight_pointed_black_star:": "2",
  ":sparkle:": "2",
  ":question:": "❓",
  ":grey_exclamation:": "❕",
  ":wavy_dash:": "3",
  ":hash:": "0",
  ":zero:": "0",
  ":one:": "0",
  ":two:": "0",
  ":three:": "0",
  ":four:": "0",
  ":five:": "0",
  ":six:": "0",
  ":seven:": "0",
  ":eight:": "0",
  ":nine:": "0",
  ":keycap_ten:": "🔟",
  ":capital_abcd:": "🔠",
  ":abcd:": "🔡",
  ":1234:": "🔢",
  ":symbols:": "🔣",
  ":abc:": "🔤",
  ":a:": "🅰",
  ":ab:": "🆎",
  ":b:": "🅱",
  ":cl:": "🆑",
  ":cool:": "🆒",
  ":free:": "🆓",
  ":id:": "🆔",
  ":m:": "2",
  ":new:": "🆕",
  ":ng:": "🆖",
  ":o2:": "🅾",
  ":ok:": "🆗",
  ":parking:": "🅿",
  ":sos:": "🆘",
  ":up:": "🆙",
  ":vs:": "🆚",
  ":koko:": "🈁",
  ":sa:": "1",
  ":u6708:": "1",
  ":u6709:": "🈶",
  ":u6307:": "🈯",
  ":ideograph_advantage:": "🉐",
  ":u5272:": "🈹",
  ":u7121:": "🈚",
  ":u7981:": "🈲",
  ":accept:": "🉑",
  ":u7533:": "🈸",
  ":u5408:": "🈴",
  ":u7a7a:": "🈳",
  ":congratulations:": "3",
  ":secret:": "3",
  ":u55b6:": "🈺",
  ":u6e80:": "🈵",
  ":red_circle:": "🔴",
  ":large_blue_circle:": "🔵",
  ":black_circle:": "⚫",
  ":white_circle:": "⚪",
  ":black_large_square:": "⬛",
  ":white_large_square:": "⬜",
  ":black_medium_square:": "2",
  ":black_medium_small_square:": "◾",
  ":white_medium_small_square:": "◽",
  ":black_small_square:": "2",
  ":white_small_square:": "2",
  ":large_orange_diamond:": "🔶",
  ":large_blue_diamond:": "🔷",
  ":small_orange_diamond:": "🔸",
  ":small_blue_diamond:": "🔹",
  ":small_red_triangle:": "🔺",
  ":small_red_triangle_down:": "🔻",
  ":diamond_shape_with_a_dot_inside:": "💠",
  ":radio_button:": "🔘",
  ":white_square_button:": "🔳",
  ":black_square_button:": "🔲",
  ":checkered_flag:": "🏁",
  ":triangular_flag_on_post:": "🚩",
  ":crossed_flags:": "🎌",
  ":waving_black_flag:": "🏴",
  ":waving_white_flag:": "1",
  ":rainbow-flag:": "1",
  ":pirate_flag:": "🏴",
  ":flag-england:": "🏴",
  ":flag-scotland:": "🏴",
  ":flag-wales:": "🏴"
}